شعبه,آیتم منو,وضعیت,انتظار 28 روز,حداقل,حداکثر,پیشنهاد سفارش,میانگین روزانه,نسبت روزهای فروش,روز سابقه,روز از آخرین فروش
Burger Factory,لیموناد قوطی خوشگوار,⚠ جدید — سابقه کوتاه,50.9,35.0,66.0,66.0,1.82,73.0,11,1
Burger Factory,باربیکن شیشه ای استوایی,پرحجم پراکنده,34.1,0.0,68.0,35.0,1.22,26.0,74,0
Burger Factory,سالاد مخصوص فکتوری با سس انار,کم‌فروش,17.9,7.0,28.0,18.0,0.64,38.0,72,2
Burger Factory,نان اضافه,کم‌فروش,17.4,6.0,28.0,18.0,0.62,26.0,74,0
Burger Factory,باربیکن شیشه ای مالت,کم‌فروش,15.5,0.0,37.0,16.0,0.55,15.0,74,0
Burger Factory,سالاد میکس,کم‌فروش,15.4,5.0,26.0,16.0,0.55,34.0,71,3
Burger Factory,دبل چیلی برگر,کم‌فروش,14.0,11.0,17.0,14.0,0.5,32.0,66,8
Burger Factory,دبل چیکن چیز برگر,کم‌فروش,11.1,6.0,17.0,12.0,0.4,22.0,73,1
Burger Factory,بیکن,کم‌فروش,10.8,3.0,19.0,11.0,0.39,20.0,70,4
Burger Factory,هالوپینو اضافه,کم‌فروش,6.6,2.0,11.0,7.0,0.24,19.0,59,15
Burger Factory,دبل چیز برگر,⚠ جدید — سابقه کوتاه,5.6,1.0,10.0,10.0,0.2,10.0,30,44
Burger Factory,آب پرتقال طبیعی 250سی سی,کم‌فروش,5.2,2.0,8.0,6.0,0.19,15.0,54,20
Burger Factory,دبل چیکن برگر,کم‌فروش,4.3,2.0,6.0,5.0,0.15,15.0,65,9
Burger Factory,سس سزار,⚠ راکد — بیش از ۳ هفته بی‌فروش,2.1,1.0,4.0,4.0,0.08,8.0,40,34
Burger Factory,دلستر شیشه ای افس لیمو,⚠ راکد — بیش از ۳ هفته بی‌فروش,1.8,0.0,5.0,5.0,0.06,6.0,47,27
Burger Factory,نان هات داگ اضافه,⚠ جدید — سابقه کوتاه,1.1,0.0,2.0,2.0,0.04,4.0,25,49
Burger Factory BAMLAND,لیموناد قوطی خوشگوار,⚠ جدید — سابقه کوتاه,76.0,68.0,84.0,84.0,2.71,79.0,14,2
Burger Factory BAMLAND,پیاز اضافه,کم‌فروش,13.8,5.0,23.0,14.0,0.49,32.0,73,1
Burger Factory BAMLAND,قارچ اضافه,کم‌فروش,12.9,9.0,17.0,13.0,0.46,38.0,65,9
Burger Factory BAMLAND,پنیر اضافه,کم‌فروش,8.9,7.0,11.0,9.0,0.32,29.0,63,11
Burger Factory BAMLAND,سس سزار,کم‌فروش,6.0,3.0,9.0,6.0,0.21,16.0,61,13
Burger Factory BAMLAND,هالوپینو اضافه,کم‌فروش,5.8,3.0,9.0,6.0,0.21,14.0,72,2
Burger Factory BAMLAND,باربیکن شیشه ای استوایی,کم‌فروش,5.4,0.0,13.0,6.0,0.19,8.0,72,2
Burger Factory BAMLAND,دبل چیکن چیزبرگر,کم‌فروش,5.4,2.0,9.0,6.0,0.19,17.0,72,2
Burger Factory BAMLAND,باربیکن شیشه ای لیمویی,کم‌فروش,5.3,0.0,10.0,6.0,0.19,11.0,74,0
Burger Factory BAMLAND,دبل چیلی برگر,کم‌فروش,4.7,3.0,7.0,5.0,0.17,17.0,65,9
Burger Factory BAMLAND,باربیکن شیشه ای مالت,کم‌فروش,4.2,0.0,10.0,5.0,0.15,5.0,73,1
Burger Factory BAMLAND,بیکن,کم‌فروش,3.9,1.0,7.0,4.0,0.14,11.0,72,2
Burger Factory BAMLAND,سس انار,⚠ راکد — بیش از ۳ هفته بی‌فروش,3.2,0.0,6.0,6.0,0.11,9.0,35,39
Burger Factory BAMLAND,دبل چیکن برگر,کم‌فروش,2.8,0.0,6.0,3.0,0.1,8.0,59,15
Burger Factory BAMLAND,آب پرتقال طبیعی 250سی سی,کم‌فروش,2.1,0.0,5.0,3.0,0.08,4.0,53,21
Burger Factory BAMLAND,سس بالزامیک,⚠ جدید — سابقه کوتاه,1.0,0.0,2.0,2.0,0.04,4.0,27,47
Burger Factory BAMLAND,نان هات داگ اضافه,⚠ جدید — سابقه کوتاه,1.0,0.0,2.0,2.0,0.04,4.0,28,46
Burger Factory IRANMALL,نان هات داگ اضافه,⚠ جدید — سابقه کوتاه,28.0,27.0,29.0,29.0,1.0,100.0,1,31
Burger Factory IRANMALL,فانتا قوطی,کم‌فروش,20.8,12.0,29.0,21.0,0.74,40.0,70,4
Burger Factory IRANMALL,دلستر شیشه ای افس استوایی,کم‌فروش,20.0,15.0,25.0,20.0,0.71,39.0,70,4
Burger Factory IRANMALL,قارچ اضافه,کم‌فروش,15.7,8.0,23.0,16.0,0.56,37.0,73,1
Burger Factory IRANMALL,نان اضافه,کم‌فروش,13.2,0.0,26.0,14.0,0.47,18.0,72,2
Burger Factory IRANMALL,اسپرایت قوطی,کم‌فروش,11.5,5.0,18.0,12.0,0.41,23.0,73,1
Burger Factory IRANMALL,سالاد میکس,کم‌فروش,11.3,5.0,18.0,12.0,0.4,29.0,72,2
Burger Factory IRANMALL,پیاز اضافه,کم‌فروش,11.2,6.0,16.0,12.0,0.4,30.0,70,4
Burger Factory IRANMALL,سالاد مخصوص فکتوری با سس انار,کم‌فروش,10.9,3.0,18.0,11.0,0.39,25.0,72,2
Burger Factory IRANMALL,آب پرتقال طبیعی,کم‌فروش,8.7,1.0,16.0,9.0,0.31,16.0,74,0
Burger Factory IRANMALL,پنیر اضافه,کم‌فروش,7.6,5.0,10.0,8.0,0.27,23.0,70,4
Burger Factory IRANMALL,چیلی فرایز,کم‌فروش,7.3,3.0,11.0,8.0,0.26,22.0,73,1
Burger Factory IRANMALL,آیولی برگر,کم‌فروش,6.5,1.0,12.0,7.0,0.23,16.0,73,1
Burger Factory IRANMALL,چیلی هات داگ,کم‌فروش,6.5,4.0,9.0,7.0,0.23,19.0,73,1
Burger Factory IRANMALL,دبل ماشروم برگر,کم‌فروش,5.1,2.0,8.0,6.0,0.18,14.0,72,2
Burger Factory IRANMALL,سس وایت,کم‌فروش,5.0,2.0,8.0,5.0,0.18,15.0,67,7
Burger Factory IRANMALL,بیکن,کم‌فروش,4.7,2.0,8.0,5.0,0.17,17.0,71,3
Burger Factory IRANMALL,سس پنیر,کم‌فروش,4.3,0.0,8.0,5.0,0.15,12.0,72,2
Burger Factory IRANMALL,دبل چیز برگر,کم‌فروش,4.2,2.0,7.0,5.0,0.15,12.0,66,8
Burger Factory IRANMALL,هالوپینو اضافه,کم‌فروش,3.8,1.0,7.0,4.0,0.14,8.0,73,1
Burger Factory IRANMALL,دبل برگر,کم‌فروش,2.7,0.0,5.0,3.0,0.1,8.0,72,2
Burger Factory IRANMALL,سس سزار,⚠ راکد — بیش از ۳ هفته بی‌فروش,2.4,1.0,4.0,4.0,0.09,9.0,46,28
Burger Factory IRANMALL,دبل چیلی برگر,کم‌فروش,2.2,1.0,4.0,3.0,0.08,8.0,64,10
Burger Factory IRANMALL,دبل چیکن برگر,کم‌فروش,1.7,0.0,4.0,2.0,0.06,5.0,65,9
Burger Factory IRANMALL,دبل چیکن چیزبرگر,کم‌فروش,1.6,0.0,3.0,2.0,0.06,4.0,71,3
Libro,کوکی ساید پرتغالی,⚠ جدید — سابقه کوتاه,71.8,53.0,91.0,91.0,2.56,56.0,16,1
Libro,کوکی تایلندی,منظم,54.5,38.0,71.0,55.0,1.95,65.0,37,6
Libro,بشقاب,پرحجم پراکنده,40.9,25.0,57.0,41.0,1.46,24.0,74,0
Libro,چیز کیک نیویورکی کارامل,پرحجم پراکنده,40.1,5.0,76.0,41.0,1.43,34.0,74,0
Libro,موس توت فرنگی,⚠ جدید — سابقه کوتاه,37.3,32.0,42.0,42.0,1.33,100.0,3,0
Libro,اپرا کیک,پرحجم پراکنده,36.3,7.0,66.0,37.0,1.3,34.0,74,0
Libro,وافل و میوه های تازه,پرحجم پراکنده,28.4,12.0,45.0,29.0,1.01,29.0,73,1
Libro,موس زعفران,⚠ جدید — سابقه کوتاه,28.0,27.0,29.0,29.0,1.0,100.0,1,2
Libro,سینه مرغ گریل,کم‌فروش,23.1,9.0,37.0,24.0,0.83,48.0,46,1
Libro,توت فرنگی پنج عدد,⚠ جدید — سابقه کوتاه,18.7,14.0,24.0,24.0,0.67,33.0,6,11
Libro,مربا 45 گرمی,⚠ جدید — سابقه کوتاه,18.7,19.0,19.0,19.0,0.67,67.0,3,3
Libro,لیمو ترش اضافه,کم‌فروش,13.4,9.0,18.0,14.0,0.48,28.0,71,3
Libro,کروسان پنیر و ریحان ایتالیایی,کم‌فروش,13.0,9.0,17.0,13.0,0.46,35.0,71,3
Libro,پنیر,کم‌فروش,12.7,6.0,19.0,13.0,0.45,29.0,73,1
Libro,نان سنگک,⚠ جدید — سابقه کوتاه,12.0,10.0,14.0,14.0,0.43,29.0,7,31
Libro,لیوان,کم‌فروش,11.2,6.0,16.0,12.0,0.4,24.0,70,4
Libro,تخم مرغ آب پز,کم‌فروش,11.1,5.0,17.0,12.0,0.4,19.0,48,0
Libro,نان تست,کم‌فروش,10.7,6.0,16.0,11.0,0.38,22.0,63,0
Libro,سس سزار,کم‌فروش,10.4,6.0,14.0,11.0,0.37,29.0,73,1
Libro,خرما,⚠ جدید — سابقه کوتاه,9.6,4.0,15.0,15.0,0.34,31.0,32,21
Libro,شکلات فندوق اضافه,⚠ جدید — سابقه کوتاه,9.3,7.0,12.0,12.0,0.33,17.0,6,68
Libro,خامه,کم‌فروش,9.2,7.0,12.0,10.0,0.33,23.0,64,10
Libro,لیوان شیر,کم‌فروش,8.2,4.0,13.0,9.0,0.29,25.0,72,2
Libro,نبات,کم‌فروش,7.3,2.0,12.0,8.0,0.26,16.0,73,1
Libro,چای رویبوس کارامل,کم‌فروش,7.3,4.0,10.0,8.0,0.26,25.0,69,5
Libro,چای رویبوس وانیل,کم‌فروش,5.1,2.0,9.0,6.0,0.18,11.0,71,3
Libro,اسپرسو دبل ریسترتو,کم‌فروش,4.5,0.0,10.0,5.0,0.16,9.0,74,0
Libro,چیلی پپرمینت موکا,کم‌فروش,4.5,4.0,5.0,5.0,0.16,14.0,56,18
Libro,سوسیس اضافه,کم‌فروش,3.2,1.0,6.0,4.0,0.12,10.0,69,5
Libro,لیوان سرد,⚠ راکد — بیش از ۳ هفته بی‌فروش,3.0,1.0,5.0,5.0,0.11,9.0,47,27
Libro,بیکن اضافه,کم‌فروش,2.6,0.0,5.0,3.0,0.09,5.0,74,0
Libro,اسپرسو کن پانا,کم‌فروش,2.3,1.0,4.0,3.0,0.08,8.0,72,2
Libro,موز,⚠ جدید — سابقه کوتاه,2.2,1.0,4.0,4.0,0.08,8.0,25,30
Libro,سس ریحان,کم‌فروش,2.1,0.0,4.0,3.0,0.07,6.0,68,6
Libro,سس انبه,کم‌فروش,2.0,0.0,5.0,2.0,0.07,7.0,56,18
Libro,سس قارچ,کم‌فروش,1.7,0.0,3.0,2.0,0.06,5.0,66,8
Libro,هات چاکلت چیلی,کم‌فروش,1.4,0.0,3.0,2.0,0.05,5.0,58,16
Libro,گردو,کم‌فروش,1.4,0.0,3.0,2.0,0.05,5.0,61,13
Libro,سس بالزامیک,⚠ جدید — سابقه کوتاه,1.2,0.0,2.0,2.0,0.04,4.0,23,51
Libro,اسپرسو ریسترتو,کم‌فروش,0.9,0.0,2.0,1.0,0.03,3.0,62,12
Libro,لوبیا,کم‌فروش,0.8,0.0,2.0,1.0,0.03,3.0,67,7
Libro,سس شکلات اضافه,⚠ راکد — بیش از ۳ هفته بی‌فروش,0.6,0.0,2.0,2.0,0.02,2.0,48,26
Libro Bar,آب هندوانه,⚠ جدید — سابقه کوتاه,188.7,152.0,226.0,226.0,6.74,96.0,23,0
Libro Bar,آب هویج,⚠ جدید — سابقه کوتاه,154.6,133.0,176.0,176.0,5.52,96.0,23,0
Libro Bar,دنیش توت فرنگی,منظم,26.6,19.0,34.0,27.0,0.95,50.0,40,2
Libro Bar,کارامل ماکیاتو,⚠ جدید — سابقه کوتاه,23.2,15.0,31.0,31.0,0.83,55.0,29,0
Libro Bar,شات سیروپ کارامل,کم‌فروش,21.4,13.0,30.0,22.0,0.77,41.0,64,10
Libro Bar,وافل,⚠ جدید — سابقه کوتاه,21.0,17.0,25.0,25.0,0.75,75.0,4,70
Libro Bar,کورتادو,کم‌فروش,17.2,10.0,24.0,18.0,0.62,32.0,65,9
Libro Bar,کریزی وافل,⚠ راکد — بیش از ۳ هفته بی‌فروش,17.0,3.0,31.0,31.0,0.61,15.0,46,28
Libro Bar,کریزی لوتوس چیزکیک,کم‌فروش,16.2,10.0,23.0,17.0,0.58,37.0,71,3
Libro Bar,ردلاین میکس,کم‌فروش,14.8,9.0,20.0,15.0,0.53,36.0,72,2
Libro Bar,دنیش فندق کاراملی,کم‌فروش,14.0,5.0,23.0,14.0,0.5,28.0,74,0
Libro Bar,پینکی لیدی,کم‌فروش,13.8,8.0,20.0,14.0,0.49,36.0,73,1
Libro Bar,عصاره زنجبیل,کم‌فروش,13.6,8.0,19.0,14.0,0.49,30.0,74,0
Libro Bar,کرفس,⚠ راکد — بیش از ۳ هفته بی‌فروش,12.6,6.0,20.0,20.0,0.45,37.0,51,23
Libro Bar,آب کرفس لیمو,کم‌فروش,11.5,8.0,15.0,12.0,0.41,29.0,73,1
Libro Bar,آب کرفس,⚠ جدید — سابقه کوتاه,11.0,8.0,14.0,14.0,0.39,39.0,23,0
Libro Bar,هربال میکس,کم‌فروش,10.9,6.0,16.0,11.0,0.39,26.0,72,2
Libro Bar,رد بلوندی,کم‌فروش,10.6,1.0,20.0,11.0,0.38,24.0,74,0
Libro Bar,آب پرتقال کرفس,کم‌فروش,10.5,6.0,15.0,11.0,0.38,25.0,72,2
Libro Bar,لیوان سرد,کم‌فروش,9.3,5.0,14.0,10.0,0.33,26.0,72,2
Libro Bar,بابل تی,کم‌فروش,9.1,5.0,13.0,10.0,0.32,21.0,71,3
Libro Bar,تاپینگ,کم‌فروش,8.5,4.0,13.0,9.0,0.31,25.0,59,15
Libro Bar,کروسان شکلاتی,کم‌فروش,8.3,2.0,14.0,9.0,0.3,23.0,74,0
Libro Bar,کریزی مامز شیک,کم‌فروش,7.8,4.0,12.0,8.0,0.28,21.0,72,2
Libro Bar,آب پرتقال هویج,کم‌فروش,7.2,4.0,11.0,8.0,0.26,20.0,74,0
Libro Bar,شات سیروپ دارچین,⚠ راکد — بیش از ۳ هفته بی‌فروش,6.7,1.0,12.0,12.0,0.24,11.0,46,28
Libro Bar,لفو لته,کم‌فروش,6.4,3.0,9.0,7.0,0.23,23.0,57,17
Libro Bar,لیمو,کم‌فروش,6.1,2.0,10.0,7.0,0.22,19.0,74,0
Libro Bar,تارت توت فرنگی,⚠ جدید — سابقه کوتاه,5.6,0.0,11.0,11.0,0.2,13.0,30,44
Libro Bar,شات سیروپ فندوق,کم‌فروش,4.7,2.0,8.0,5.0,0.17,14.0,72,2
Libro Bar,لوتوس ماکیاتو,⚠ راکد — بیش از ۳ هفته بی‌فروش,4.0,1.0,7.0,7.0,0.14,14.0,42,32
Libro Bar,چغندر,کم‌فروش,3.7,0.0,8.0,4.0,0.13,9.0,68,6
Libro Bar,گلدن اپل,⚠ جدید — سابقه کوتاه,3.5,2.0,5.0,5.0,0.12,12.0,8,66
Libro Bar,هانی آووکادو,کم‌فروش,3.4,1.0,6.0,4.0,0.12,9.0,65,9
Libro Bar,شات سیروپ وانیل,کم‌فروش,3.2,1.0,6.0,4.0,0.12,12.0,69,5
Libro Bar,پینکی چاکلت,کم‌فروش,2.9,0.0,6.0,3.0,0.1,9.0,67,7
Libro Bar,ماچا بری,کم‌فروش,2.4,1.0,4.0,3.0,0.09,9.0,70,4
Libro Bar,ناتی چاکلت,کم‌فروش,2.1,0.0,4.0,3.0,0.07,6.0,67,7
Libro Bar,آیس موکا,⚠ راکد — بیش از ۳ هفته بی‌فروش,1.6,0.0,3.0,3.0,0.06,6.0,36,38
Libro Bar,نوتلا ماکیاتو,کم‌فروش,1.4,0.0,3.0,2.0,0.05,5.0,59,15
Libro Bar,کیک تیرامیسو,⚠ راکد — بیش از ۳ هفته بی‌فروش,1.3,0.0,3.0,3.0,0.05,5.0,44,30
Libro Bar,شات سیروپ شکلات,کم‌فروش,0.9,0.0,3.0,1.0,0.03,2.0,61,13
Libro Bar,چیزکیک لوتوس,کم‌فروش,0.4,0.0,1.0,1.0,0.01,1.0,71,3
Libro iranmall,شوکت فندق,⚠ جدید — سابقه کوتاه,84.0,80.0,88.0,88.0,3.0,100.0,1,20
Libro iranmall,بنفی پای,⚠ جدید — سابقه کوتاه,56.0,53.0,59.0,59.0,2.0,100.0,1,20
Libro iranmall,خرما,⚠ جدید — سابقه کوتاه,33.6,30.0,37.0,37.0,1.2,60.0,5,3
Libro iranmall,تعویض سری لاو,⚠ جدید — سابقه کوتاه,28.0,27.0,29.0,29.0,1.0,100.0,1,23
Libro iranmall,موس وانیل آلبالو,⚠ جدید — سابقه کوتاه,28.0,27.0,29.0,29.0,1.0,100.0,1,23
Libro iranmall,آفوگاتو,کم‌فروش,24.5,12.0,37.0,25.0,0.88,40.0,73,1
Libro iranmall,آب هندوانه,کم‌فروش,23.1,11.0,35.0,24.0,0.82,38.0,74,0
Libro iranmall,رپ سزار,کم‌فروش,21.0,9.0,33.0,21.0,0.75,35.0,72,2
Libro iranmall,کیک سه شیر,⚠ جدید — سابقه کوتاه,19.5,13.0,26.0,26.0,0.7,48.0,23,51
Libro iranmall,جینجر موهیتو,کم‌فروش,17.4,10.0,25.0,18.0,0.62,39.0,74,0
Libro iranmall,قهوه دمی رگولار,کم‌فروش,16.1,8.0,24.0,17.0,0.58,32.0,73,1
Libro iranmall,لیموناد لوندر,کم‌فروش,15.6,8.0,23.0,16.0,0.56,39.0,72,2
Libro iranmall,سودا,کم‌فروش,15.3,10.0,21.0,16.0,0.55,33.0,73,1
Libro iranmall,وافل و میوه های تازه,کم‌فروش,14.4,8.0,21.0,15.0,0.51,35.0,68,6
Libro iranmall,بیسکو اسپرسو,کم‌فروش,11.8,7.0,17.0,12.0,0.42,34.0,71,3
Libro iranmall,شیک بادام زمینی,کم‌فروش,11.7,7.0,16.0,12.0,0.42,32.0,72,2
Libro iranmall,پیتزا مرغ و اسفناج,کم‌فروش,11.6,8.0,15.0,12.0,0.41,36.0,58,16
Libro iranmall,هات چاکلت,کم‌فروش,11.4,7.0,16.0,12.0,0.41,31.0,71,3
Libro iranmall,کروسان باقلوا پسته,کم‌فروش,11.3,8.0,14.0,12.0,0.4,35.0,72,2
Libro iranmall,کروسان لوتوس,کم‌فروش,11.1,8.0,14.0,12.0,0.4,36.0,73,1
Libro iranmall,پیتزا مارگاریتا,کم‌فروش,11.0,5.0,17.0,11.0,0.39,30.0,71,3
Libro iranmall,کارامل ماکیاتو,کم‌فروش,11.0,6.0,16.0,11.0,0.39,27.0,71,3
Libro iranmall,رپ فلافل,کم‌فروش,10.9,3.0,19.0,11.0,0.39,19.0,72,2
Libro iranmall,سوییت لمون,کم‌فروش,10.6,8.0,13.0,11.0,0.38,34.0,74,0
Libro iranmall,پرتقال نعنا,کم‌فروش,10.5,6.0,15.0,11.0,0.38,32.0,72,2
Libro iranmall,کالزونه رست بیف,کم‌فروش,10.4,6.0,15.0,11.0,0.37,27.0,73,1
Libro iranmall,قهوه ترک,کم‌فروش,10.1,6.0,14.0,11.0,0.36,24.0,72,2
Libro iranmall,ماروچینو,کم‌فروش,9.8,5.0,15.0,10.0,0.35,26.0,66,8
Libro iranmall,برانی شکلات,کم‌فروش,9.7,5.0,15.0,10.0,0.35,26.0,72,2
Libro iranmall,مسکو,کم‌فروش,9.3,6.0,13.0,10.0,0.33,25.0,72,2
Libro iranmall,هات چاکلت فندق,کم‌فروش,8.3,4.0,12.0,9.0,0.3,18.0,71,3
Libro iranmall,فیلی چیز استیک,کم‌فروش,8.2,1.0,15.0,9.0,0.29,19.0,72,2
Libro iranmall,هندوانه یخ,کم‌فروش,8.2,5.0,12.0,9.0,0.29,25.0,72,2
Libro iranmall,چیز کیک نیویورکی کارامل,کم‌فروش,8.0,1.0,15.0,8.0,0.29,20.0,70,4
Libro iranmall,آدامس دارچین,کم‌فروش,7.6,5.0,10.0,8.0,0.27,24.0,74,0
Libro iranmall,چای ماسالا,کم‌فروش,7.6,4.0,11.0,8.0,0.27,20.0,74,0
Libro iranmall,سیروپ اضافه,کم‌فروش,7.4,3.0,12.0,8.0,0.26,19.0,72,2
Libro iranmall,ایتالین سودا,کم‌فروش,7.1,4.0,10.0,8.0,0.25,21.0,71,3
Libro iranmall,لمون گرس جینجر,کم‌فروش,6.8,2.0,12.0,7.0,0.24,21.0,70,4
Libro iranmall,کورتادو,کم‌فروش,6.3,3.0,9.0,7.0,0.23,21.0,71,3
Libro iranmall,آروماتیک,کم‌فروش,6.2,2.0,10.0,7.0,0.22,17.0,72,2
Libro iranmall,بلوبری,کم‌فروش,5.8,3.0,8.0,6.0,0.21,19.0,72,2
Libro iranmall,تارت بادام,کم‌فروش,5.8,1.0,11.0,6.0,0.21,19.0,73,1
Libro iranmall,GUM GUM,کم‌فروش,5.6,3.0,9.0,6.0,0.2,16.0,70,4
Libro iranmall,چای رویبوس وانیل,کم‌فروش,5.2,2.0,8.0,6.0,0.19,16.0,64,10
Libro iranmall,سبز جسمین,کم‌فروش,5.1,3.0,7.0,6.0,0.18,17.0,71,3
Libro iranmall,وایت چاکلت,کم‌فروش,5.1,2.0,8.0,6.0,0.18,15.0,55,19
Libro iranmall,دو سیب,کم‌فروش,4.9,2.0,8.0,5.0,0.18,18.0,74,0
Libro iranmall,املت شاک شوکا,کم‌فروش,4.7,1.0,9.0,5.0,0.17,12.0,65,9
Libro iranmall,دنیش فندق کارامل,کم‌فروش,4.7,2.0,8.0,5.0,0.17,17.0,72,2
Libro iranmall,سس سیراچا,کم‌فروش,4.7,2.0,8.0,5.0,0.17,14.0,71,3
Libro iranmall,تارت شکلات,کم‌فروش,4.5,2.0,7.0,5.0,0.16,15.0,74,0
Libro iranmall,کویین بری,کم‌فروش,4.5,1.0,8.0,5.0,0.16,13.0,69,5
Libro iranmall,سیب یخ,کم‌فروش,4.4,2.0,7.0,5.0,0.16,16.0,70,4
Libro iranmall,لیمو نعنا,کم‌فروش,4.3,2.0,7.0,5.0,0.15,15.0,72,2
Libro iranmall,اسکوپ بستنی,کم‌فروش,4.1,1.0,7.0,5.0,0.15,10.0,48,11
Libro iranmall,آووکادو و انجیر,کم‌فروش,3.9,1.0,6.0,4.0,0.14,11.0,65,9
Libro iranmall,آیس سینامون دولچه لاته,کم‌فروش,3.9,1.0,7.0,4.0,0.14,10.0,71,3
Libro iranmall,اسپرسو ماکیاتو,⚠ راکد — بیش از ۳ هفته بی‌فروش,3.8,1.0,7.0,7.0,0.14,11.0,44,30
Libro iranmall,تیرامیسو,کم‌فروش,3.8,0.0,12.0,4.0,0.14,4.0,73,1
Libro iranmall,چای رویبوس کارامل,⚠ راکد — بیش از ۳ هفته بی‌فروش,3.8,2.0,6.0,6.0,0.13,12.0,52,22
Libro iranmall,فلت وایت,کم‌فروش,3.6,2.0,5.0,4.0,0.13,11.0,70,4
Libro iranmall,انگور نعنا,کم‌فروش,3.5,2.0,5.0,4.0,0.12,12.0,73,1
Libro iranmall,دو سیب آلبالو,کم‌فروش,3.5,1.0,6.0,4.0,0.12,10.0,72,2
Libro iranmall,نبات,کم‌فروش,3.5,0.0,7.0,4.0,0.12,8.0,73,1
Libro iranmall,پنه مرغ و اسفناج,⚠ راکد — بیش از ۳ هفته بی‌فروش,3.3,0.0,6.0,6.0,0.12,12.0,43,31
Libro iranmall,چیاپاتای بیکن و گودا,کم‌فروش,3.2,0.0,7.0,4.0,0.12,9.0,69,5
Libro iranmall,گادفادر,کم‌فروش,3.1,0.0,6.0,4.0,0.11,10.0,72,2
Libro iranmall,گلدن وانیلا,کم‌فروش,3.1,0.0,6.0,4.0,0.11,9.0,55,19
Libro iranmall,گوشت و قارچ,کم‌فروش,3.1,1.0,5.0,4.0,0.11,11.0,73,1
Libro iranmall,XO,کم‌فروش,2.9,1.0,5.0,3.0,0.1,10.0,58,16
Libro iranmall,ساندویچ شنیسل مرغ,کم‌فروش,2.9,0.0,7.0,3.0,0.1,10.0,67,7
Libro iranmall,هوکابری,کم‌فروش,2.8,1.0,5.0,3.0,0.1,9.0,69,5
Libro iranmall,بیسکولاته,⚠ راکد — بیش از ۳ هفته بی‌فروش,2.7,0.0,5.0,5.0,0.1,10.0,51,23
Libro iranmall,سالاد لیبرتی,کم‌فروش,2.7,0.0,6.0,3.0,0.1,7.0,73,1
Libro iranmall,کوکی,کم‌فروش,2.7,0.0,6.0,3.0,0.1,4.0,73,1
Libro iranmall,اپل پارادایس,کم‌فروش,2.3,1.0,4.0,3.0,0.08,8.0,73,1
Libro iranmall,ماچا ماکیاتو پسته,کم‌فروش,2.0,0.0,4.0,2.0,0.07,7.0,71,3
Libro iranmall,ساندویچ ژامبون,کم‌فروش,1.9,0.0,4.0,2.0,0.07,7.0,72,2
Libro iranmall,سینامون دولچه لاته,کم‌فروش,1.9,0.0,4.0,2.0,0.07,5.0,74,0
Libro iranmall,سینه مرغ گریل,کم‌فروش,1.9,0.0,4.0,2.0,0.07,7.0,72,2
Libro iranmall,شات شیر,کم‌فروش,1.9,0.0,4.0,2.0,0.07,7.0,73,1
Libro iranmall,بشقاب انگلیسی,کم‌فروش,1.8,0.0,3.0,2.0,0.06,6.0,64,10
Libro iranmall,لوتوس فرش,کم‌فروش,1.6,0.0,3.0,2.0,0.06,4.0,69,5
Libro iranmall,لیوان شیر,کم‌فروش,1.6,0.0,3.0,2.0,0.06,6.0,54,20
Libro iranmall,سس قارچ,کم‌فروش,1.4,0.0,4.0,2.0,0.05,5.0,60,14
Libro iranmall,پاریس برست پسته,کم‌فروش,1.4,0.0,3.0,2.0,0.05,5.0,59,15
Libro iranmall,سس سزار,کم‌فروش,1.2,0.0,2.0,2.0,0.04,4.0,68,6
Libro iranmall,پنه سبزیجات,کم‌فروش,1.2,0.0,3.0,2.0,0.04,4.0,73,1
Libro iranmall,عسل ساشه,⚠ راکد — بیش از ۳ هفته بی‌فروش,1.1,0.0,2.0,2.0,0.04,4.0,50,24
Libro iranmall,املت اسفناج و بیکن,کم‌فروش,0.9,0.0,2.0,1.0,0.03,3.0,65,9
Libro iranmall,صبحانه ایرانی,کم‌فروش,0.8,0.0,2.0,1.0,0.03,3.0,66,8
Libro iranmall,دنیش توت فرنگی,⚠ راکد — بیش از ۳ هفته بی‌فروش,0.6,0.0,2.0,2.0,0.02,2.0,44,30
Libro iranmall,تعویض سری انگورنعنا,کم‌فروش,0.5,0.0,1.0,1.0,0.02,2.0,54,20
Libro iranmall,نیمرو,کم‌فروش,0.5,0.0,1.0,1.0,0.02,2.0,56,18
Libro iranmall,اسپرسو ریسترتو,کم‌فروش,0.4,0.0,1.0,1.0,0.02,2.0,65,9
Libro iranmall,تخم مرغ زده شده به همراه ساید,کم‌فروش,0.4,0.0,1.0,1.0,0.01,1.0,70,4
Libro iranmall,لیمو ترش اضافه,کم‌فروش,0.4,0.0,1.0,1.0,0.01,1.0,69,5
Roma Thai,باربیکن شیشه ای لیمویی,پرحجم پراکنده,74.5,0.0,151.0,75.0,2.66,26.0,74,0
Roma Thai,باربیکن شیشه ای مالت,پرحجم پراکنده,39.0,0.0,78.0,39.0,1.39,27.0,74,0
Roma Thai,باربیکن شیشه ای استوایی,پرحجم پراکنده,35.9,0.0,75.0,36.0,1.28,23.0,74,0
Roma Thai,بادمجان,⚠ جدید — سابقه کوتاه,28.0,27.0,29.0,29.0,1.0,100.0,1,62
Roma Thai,بادمجان شکم پر,کم‌فروش,19.8,0.0,41.0,20.0,0.71,24.0,72,2
Roma Thai,نودل سرخ شده با میگو سبزیجات,کم‌فروش,14.7,11.0,19.0,15.0,0.53,42.0,38,0
Roma Thai,دلستر شیشه ای هی دی لیمویی,⚠ جدید — سابقه کوتاه,14.0,13.0,15.0,15.0,0.5,50.0,2,72
Roma Thai,نان سیر,کم‌فروش,12.9,7.0,19.0,13.0,0.46,28.0,74,0
Roma Thai,نودل سرخ شده با گوشت وسبزیجات,کم‌فروش,12.9,9.0,17.0,13.0,0.46,32.0,74,0
Roma Thai,بیف تریاکی,کم‌فروش,12.7,9.0,16.0,13.0,0.45,32.0,73,1
Roma Thai,استیک پراوانس,کم‌فروش,12.1,1.0,23.0,13.0,0.43,9.0,58,16
Roma Thai,کدو,کم‌فروش,12.1,7.0,17.0,13.0,0.43,23.0,65,9
Roma Thai,فیله مرغ,کم‌فروش,11.0,0.0,22.0,11.0,0.39,7.0,71,3
Roma Thai,برنج بخارپز ساید,کم‌فروش,10.6,7.0,14.0,11.0,0.38,28.0,74,0
Roma Thai,پانینی اسفناج,⚠ جدید — سابقه کوتاه,9.3,7.0,12.0,12.0,0.33,17.0,6,68
Roma Thai,خوراک زبان گوساله,⚠ راکد — بیش از ۳ هفته بی‌فروش,7.6,0.0,18.0,18.0,0.27,5.0,37,37
Roma Thai,پاستا پستو,کم‌فروش,7.6,4.0,11.0,8.0,0.27,23.0,74,0
Roma Thai,پاستا بولونز,کم‌فروش,7.3,3.0,11.0,8.0,0.26,23.0,73,1
Roma Thai,نودل سوپ مرغ,کم‌فروش,7.0,3.0,11.0,7.0,0.25,21.0,72,2
Roma Thai,برنج بخارپز,کم‌فروش,6.4,4.0,9.0,7.0,0.23,20.0,74,0
Roma Thai,پاستا کربونارا,کم‌فروش,5.0,1.0,9.0,5.0,0.18,15.0,73,1
Roma Thai,برنج سرخ شده با گوشت سبزیجات,کم‌فروش,4.9,2.0,7.0,5.0,0.18,18.0,74,0
Roma Thai,نودل سرخ شده با میگوسبزیجات,⚠ جدید — سابقه کوتاه,4.9,2.0,8.0,8.0,0.18,15.0,34,40
Roma Thai,برنج سرخ شده با میگو سبزیجات,کم‌فروش,4.8,4.0,6.0,5.0,0.17,17.0,70,4
Roma Thai,سس چیکن استراگانف,⚠ جدید — سابقه کوتاه,4.7,3.0,6.0,6.0,0.17,30.0,23,51
Roma Thai,اضافات 2,کم‌فروش,4.4,1.0,7.0,5.0,0.16,9.0,64,10
Roma Thai,سس چیکن یلوکاری,⚠ جدید — سابقه کوتاه,4.3,3.0,5.0,5.0,0.15,36.0,11,63
Roma Thai,پاستا سبزیجات,کم‌فروش,4.1,2.0,6.0,5.0,0.14,14.0,69,5
Roma Thai,سس چیکن تریاکی,⚠ جدید — سابقه کوتاه,3.8,3.0,5.0,5.0,0.14,22.0,23,51
Roma Thai,پاستا اربیاتا,کم‌فروش,3.2,0.0,6.0,4.0,0.11,11.0,71,3
Roma Thai,نودل سرخ شده با گوشت و سبزیجات,کم‌فروش,3.0,0.0,6.0,3.0,0.11,9.0,65,9
Roma Thai,پنینی بیکن,کم‌فروش,2.8,0.0,7.0,3.0,0.1,9.0,74,0
Roma Thai,دلستر شیشه ای هی دی استوایی,کم‌فروش,2.0,0.0,4.0,2.0,0.07,5.0,57,17
Roma Thai,راک شریمپ,کم‌فروش,1.6,0.0,3.0,2.0,0.06,6.0,70,4
SPO Royal,فرنی,پرحجم پراکنده,44.6,32.0,57.0,45.0,1.59,31.0,72,2
SPO Royal,آب طالبی,⚠ جدید — سابقه کوتاه,34.2,29.0,40.0,40.0,1.22,48.0,27,4
SPO Royal,کاچی,پرحجم پراکنده,29.2,20.0,39.0,30.0,1.04,19.0,74,0
SPO Royal,چای دارچین,پرحجم پراکنده,29.1,14.0,44.0,30.0,1.04,35.0,74,0
SPO Royal,باقالی پلو دوپرسی,⚠ جدید — سابقه کوتاه,28.0,27.0,29.0,29.0,1.0,100.0,1,38
SPO Royal,پاکت نان رویال,⚠ جدید — سابقه کوتاه,28.0,27.0,29.0,29.0,1.0,100.0,1,1
SPO Royal,دوغ,کم‌فروش,25.0,14.0,36.0,25.0,0.89,35.0,66,8
SPO Royal,شربت بهار نارنج,کم‌فروش,21.2,9.0,33.0,22.0,0.76,34.0,74,0
SPO Royal,بستنی سنتی زعفرانی,کم‌فروش,18.8,8.0,30.0,19.0,0.67,30.0,73,1
SPO Royal,موهیتو با آب سیب,کم‌فروش,18.7,5.0,32.0,19.0,0.67,31.0,72,2
SPO Royal,کنافه بستنی,کم‌فروش,17.9,0.0,44.0,18.0,0.64,4.0,69,5
SPO Royal,مسقطی,کم‌فروش,17.8,8.0,27.0,18.0,0.63,13.0,70,4
SPO Royal,شربت بیدمشک,کم‌فروش,17.4,4.0,30.0,18.0,0.62,28.0,74,0
SPO Royal,آب هندوانه,کم‌فروش,17.3,7.0,28.0,18.0,0.62,29.0,73,1
SPO Royal,شیربرنج,کم‌فروش,17.0,9.0,25.0,17.0,0.61,14.0,74,0
SPO Royal,ماهیچه بدون برنج,کم‌فروش,17.0,6.0,28.0,17.0,0.61,32.0,74,0
SPO Royal,باقلوا لبنانی,⚠ راکد — بیش از ۳ هفته بی‌فروش,16.8,4.0,29.0,29.0,0.6,26.0,35,39
SPO Royal,قارچ بلانچ شده,کم‌فروش,15.9,11.0,20.0,16.0,0.57,27.0,71,3
SPO Royal,گل تولد,کم‌فروش,14.2,9.0,19.0,15.0,0.51,32.0,71,3
SPO Royal,دمنوش نعناع,کم‌فروش,14.0,0.0,32.0,14.0,0.5,8.0,72,2
SPO Royal,آب سیب کرفس,کم‌فروش,11.3,2.0,21.0,12.0,0.4,19.0,72,2
SPO Royal,ته دیگ,کم‌فروش,10.6,7.0,15.0,11.0,0.38,32.0,74,0
SPO Royal,چلوکره دوپرسی,کم‌فروش,10.5,3.0,18.0,11.0,0.38,18.0,72,2
SPO Royal,سبزی پلو,کم‌فروش,9.9,6.0,14.0,10.0,0.35,27.0,71,3
SPO Royal,دیس باقالی پلو دوپرسی,⚠ جدید — سابقه کوتاه,9.3,6.0,13.0,13.0,0.33,17.0,12,12
SPO Royal,نان اضافه,کم‌فروش,9.2,1.0,18.0,10.0,0.33,10.0,73,1
SPO Royal,شربت سکنجبین با خیار,کم‌فروش,8.8,3.0,15.0,9.0,0.32,21.0,57,17
SPO Royal,میرزا قاسمی,کم‌فروش,8.2,0.0,16.0,9.0,0.29,14.0,72,2
SPO Royal,سبزی پلو با ماهی قزل آلا,کم‌فروش,7.4,4.0,11.0,8.0,0.26,21.0,72,2
SPO Royal,خوراک گوشت گردن بره,کم‌فروش,7.0,4.0,10.0,7.0,0.25,21.0,72,2
SPO Royal,نان و پنیروگردو با سبزی خوردن,کم‌فروش,7.0,2.0,12.0,7.0,0.25,15.0,72,2
SPO Royal,آب گریپ فروت,کم‌فروش,6.8,0.0,14.0,7.0,0.24,14.0,74,0
SPO Royal,چلو فسنجان با مرغ,کم‌فروش,6.8,2.0,12.0,7.0,0.24,16.0,62,12
SPO Royal,باقالی پلو با ماهیچه,کم‌فروش,6.1,3.0,9.0,7.0,0.22,14.0,64,10
SPO Royal,میکس پرتقال و گریپ فروت,کم‌فروش,5.8,1.0,10.0,6.0,0.21,18.0,72,2
SPO Royal,آب کرفس لیمو,کم‌فروش,5.7,0.0,12.0,6.0,0.2,12.0,74,0
SPO Royal,زرده تخم مرغ,کم‌فروش,4.7,3.0,7.0,5.0,0.17,11.0,72,2
SPO Royal,سبزی خوردن,کم‌فروش,4.7,0.0,9.0,5.0,0.17,11.0,72,2
SPO Royal,بستنی وانیلی,کم‌فروش,4.5,0.0,9.0,5.0,0.16,12.0,69,5
SPO Royal,بستنی شکلاتی,کم‌فروش,4.3,1.0,8.0,5.0,0.15,10.0,71,3
SPO Royal,جوجه کباب فیله,⚠ جدید — سابقه کوتاه,4.0,3.0,5.0,5.0,0.14,14.0,7,67
SPO Royal,دیس باقالی پلو دو پرسی,⚠ جدید — سابقه کوتاه,3.7,2.0,6.0,6.0,0.13,10.0,30,44
SPO Royal,آب پرتقال کرفس,کم‌فروش,3.5,0.0,9.0,4.0,0.12,6.0,72,2
SPO Royal,دمنوش گل گاو زبان,کم‌فروش,3.5,0.0,8.0,4.0,0.12,6.0,72,2
SPO Royal,هدیه کودک رویال,⚠ جدید — سابقه کوتاه,3.5,2.0,5.0,5.0,0.12,12.0,8,66
SPO Royal,حریره سیر,کم‌فروش,3.3,0.0,6.0,4.0,0.12,12.0,69,5
SPO Royal,چای زنجبیل,کم‌فروش,3.2,0.0,9.0,4.0,0.11,3.0,71,3
SPO Royal,میکس گل گاو زبان و سنبل الطیب و لیمو عمانی,کم‌فروش,3.0,0.0,9.0,3.0,0.11,3.0,74,0
SPO Royal,دمنوش مخلوط گیاهی,کم‌فروش,2.7,0.0,7.0,3.0,0.1,3.0,72,2
SPO Royal,دلستر شیشه ای هی دی استوایی,کم‌فروش,2.3,0.0,5.0,3.0,0.08,4.0,72,2
SPO Royal,آب کرفس,کم‌فروش,1.9,0.0,4.0,2.0,0.07,7.0,72,2
SPO Royal,دمنوش زنجبیل دارچین زغفران هل,کم‌فروش,1.9,0.0,6.0,2.0,0.07,1.0,72,2
SPO Royal,قهوه ترک,⚠ جدید — سابقه کوتاه,1.9,1.0,3.0,3.0,0.07,7.0,29,3
SPO Royal,لته,کم‌فروش,1.9,0.0,5.0,2.0,0.07,4.0,74,0
SPO Royal,اسپرسو double,کم‌فروش,1.6,0.0,4.0,2.0,0.06,3.0,72,2
SPO Royal,امریکانو,کم‌فروش,1.6,0.0,4.0,2.0,0.06,4.0,72,2
SPO Royal,خوراک ماهیچه,⚠ راکد — بیش از ۳ هفته بی‌فروش,1.1,0.0,2.0,2.0,0.04,4.0,50,24
SPO Royal,کاپوچینو,کم‌فروش,0.8,0.0,2.0,1.0,0.03,1.0,71,3
SPO Royal,دیس میوه فصل,⚠ راکد — بیش از ۳ هفته بی‌فروش,0.7,0.0,2.0,2.0,0.02,2.0,42,32
express,سوپ بلغور 400cc,پرحجم پراکنده,170.1,116.0,224.0,171.0,6.07,32.0,68,6
express,لیموناد قوطی خوشگوار,⚠ جدید — سابقه کوتاه,169.8,141.0,199.0,199.0,6.06,94.0,16,0
express,کتلت گوشت عددی,پرحجم پراکنده,155.0,102.0,208.0,155.0,5.53,38.0,73,1
express,آش رشته 400cc,پرحجم پراکنده,140.8,105.0,177.0,141.0,5.03,29.0,72,2
express,سوپ ورمیشل400cc,⚠ راکد — بیش از ۳ هفته بی‌فروش,75.3,28.0,123.0,123.0,2.69,17.0,42,32
express,سوپ شیر 400cc,پرحجم پراکنده,57.9,16.0,100.0,58.0,2.07,9.0,74,0
express,ته چین شیرازی,پرحجم پراکنده,55.6,34.0,77.0,56.0,1.99,34.0,71,3
express,خورش گوجه سبز,⚠ راکد — بیش از ۳ هفته بی‌فروش,49.8,22.0,78.0,78.0,1.78,24.0,45,29
express,ماهی شکم پر,پرحجم پراکنده,48.6,35.0,62.0,49.0,1.74,33.0,72,2
express,آب قلم,⚠ جدید — سابقه کوتاه,45.2,21.0,70.0,70.0,1.61,42.0,24,50
express,آش رشته,پرحجم پراکنده,43.0,26.0,60.0,43.0,1.54,18.0,73,1
express,خوراک زبان,پرحجم پراکنده,39.7,26.0,53.0,40.0,1.42,34.0,74,0
express,خورش چاقاله بادام,⚠ راکد — بیش از ۳ هفته بی‌فروش,37.1,9.0,66.0,66.0,1.33,22.0,46,28
express,چلو خورش فسنجان با گوشت قل قلی,پرحجم پراکنده,36.1,11.0,61.0,37.0,1.29,29.0,73,1
express,چلو خورش فسنجان با مرغ,پرحجم پراکنده,35.7,0.0,74.0,36.0,1.27,22.0,73,1
express,دلستر شیشه ای افس کلاسیک,پرحجم پراکنده,32.2,0.0,69.0,33.0,1.15,24.0,74,0
express,باربیکن شیشه ای لیمویی,پرحجم پراکنده,28.4,0.0,66.0,29.0,1.01,18.0,74,0
express,سوپ بلغور,پرحجم پراکنده,28.4,16.0,40.0,29.0,1.01,24.0,70,4
express,شامی پوک عددی,پرحجم پراکنده,28.4,0.0,68.0,29.0,1.01,9.0,74,0
express,چلو خورش مسمی با گوشت,کم‌فروش,24.8,0.0,59.0,25.0,0.89,10.0,70,4
express,کوکو گردو,کم‌فروش,20.6,15.0,26.0,21.0,0.74,28.0,72,2
express,مرغ شکم پر,کم‌فروش,17.4,13.0,22.0,18.0,0.62,15.0,71,3
express,کباب دیگی,کم‌فروش,17.2,3.0,32.0,18.0,0.61,11.0,70,4
express,چلو خورش بامیه,⚠ جدید — سابقه کوتاه,15.1,6.0,24.0,24.0,0.54,15.0,13,61
express,سبزی پلو با ماهی قزل آلا,کم‌فروش,13.8,6.0,21.0,14.0,0.49,32.0,73,1
express,کباب سلطانی,کم‌فروش,13.6,7.0,21.0,14.0,0.49,32.0,72,2
express,شیرین پلو با مرغ,کم‌فروش,9.8,6.0,14.0,10.0,0.35,28.0,74,0
express,خورش سیب و آلبالو,⚠ راکد — بیش از ۳ هفته بی‌فروش,8.9,0.0,22.0,22.0,0.32,5.0,44,30
express,کتلت,کم‌فروش,7.4,0.0,15.0,8.0,0.26,6.0,72,2
express,خورش مسمی با گوشت,کم‌فروش,7.2,0.0,17.0,8.0,0.26,10.0,70,4
express,مرغ لونگی,⚠ جدید — سابقه کوتاه,7.2,2.0,12.0,12.0,0.26,16.0,31,2
express,گردن گوسفندی,کم‌فروش,6.4,4.0,9.0,7.0,0.23,23.0,66,8
express,خورش به و آلبالو,⚠ راکد — بیش از ۳ هفته بی‌فروش,6.2,1.0,12.0,12.0,0.22,6.0,36,38
express,کباب کوبیده لقمه,کم‌فروش,6.1,0.0,13.0,7.0,0.22,9.0,74,0
express,خورش فسنجان با گوشت قل قلی,کم‌فروش,5.5,1.0,10.0,6.0,0.2,12.0,66,8
express,شیرین پلو,کم‌فروش,5.3,3.0,8.0,6.0,0.19,15.0,74,0
express,مواد شیرین پلو,⚠ جدید — سابقه کوتاه,5.1,1.0,9.0,9.0,0.18,9.0,11,63
express,سوپ ورمیشل,⚠ راکد — بیش از ۳ هفته بی‌فروش,4.9,0.0,10.0,10.0,0.18,5.0,42,32
express,گوجه کبابی,⚠ راکد — بیش از ۳ هفته بی‌فروش,4.8,3.0,7.0,7.0,0.17,17.0,52,22
express,فلفل کبابی دوعدد,کم‌فروش,4.1,1.0,7.0,5.0,0.15,13.0,55,19
express,سس اکبر جوجه,کم‌فروش,3.5,2.0,5.0,4.0,0.12,12.0,72,2
express,سوپ شیر,کم‌فروش,3.0,0.0,6.0,3.0,0.11,5.0,64,10
express,زرشک,کم‌فروش,2.7,1.0,5.0,3.0,0.1,10.0,73,1
express,گوشت قلقلی,کم‌فروش,2.6,0.0,6.0,3.0,0.09,5.0,64,10
express,پاچینی با سس تارتار,⚠ راکد — بیش از ۳ هفته بی‌فروش,2.0,0.0,4.0,4.0,0.07,5.0,43,31
express,چلو خورش سیب و آلبالو,⚠ راکد — بیش از ۳ هفته بی‌فروش,1.9,0.0,5.0,5.0,0.07,5.0,44,30
express,ته دیگ زعفرانی پرسی 6تکه,کم‌فروش,1.6,0.0,3.0,2.0,0.06,6.0,70,4
express,سوپ قارچ400cc,⚠ جدید — سابقه کوتاه,1.6,0.0,3.0,3.0,0.06,6.0,18,56
express,چلو خورش به آلبالو,⚠ راکد — بیش از ۳ هفته بی‌فروش,1.6,0.0,4.0,4.0,0.06,3.0,36,38
express,جوجه کباب,کم‌فروش,1.5,0.0,3.0,2.0,0.05,5.0,74,0
express,کوکوگردو,کم‌فروش,1.5,0.0,4.0,2.0,0.05,3.0,74,0
express,دلستر شیشه ای هی دی استوایی,کم‌فروش,1.0,0.0,3.0,1.0,0.04,2.0,55,19
express,دلستر شیشه ای هی دی لیمویی,⚠ راکد — بیش از ۳ هفته بی‌فروش,0.6,0.0,2.0,2.0,0.02,2.0,49,25
لیبرو باملند,سوپ ذرت,⚠ جدید — سابقه کوتاه,112.0,107.0,117.0,117.0,4.0,100.0,1,47
لیبرو باملند,کوکی تایلندی,⚠ جدید — سابقه کوتاه,84.0,80.0,88.0,88.0,3.0,100.0,1,60
لیبرو باملند,بیکن,منظم,52.3,38.0,66.0,53.0,1.87,71.0,38,0
لیبرو باملند,اسپرایت,پرحجم پراکنده,48.6,19.0,78.0,49.0,1.73,45.0,64,2
لیبرو باملند,نوستالژی,منظم,47.9,42.0,54.0,48.0,1.71,71.0,38,0
لیبرو باملند,پپرونی,منظم,44.6,29.0,60.0,45.0,1.59,76.0,37,1
لیبرو باملند,مرغ و اسفناج,منظم,43.1,33.0,53.0,44.0,1.54,70.0,37,2
لیبرو باملند,آب جوش,⚠ جدید — سابقه کوتاه,28.0,27.0,29.0,29.0,1.0,100.0,1,49
لیبرو باملند,سس سزار,⚠ جدید — سابقه کوتاه,28.0,27.0,29.0,29.0,1.0,100.0,1,72
لیبرو باملند,سینامون دولچه لاته,⚠ جدید — سابقه کوتاه,28.0,27.0,29.0,29.0,1.0,100.0,1,25
لیبرو باملند,شوکت فندق,⚠ جدید — سابقه کوتاه,28.0,27.0,29.0,29.0,1.0,100.0,1,21
لیبرو باملند,عسل ساشه,⚠ جدید — سابقه کوتاه,28.0,27.0,29.0,29.0,1.0,100.0,1,73
لیبرو باملند,لیمو ترش اضافه,⚠ جدید — سابقه کوتاه,28.0,27.0,29.0,29.0,1.0,100.0,1,73
لیبرو باملند,ماچا ماکیاتو پسته,⚠ جدید — سابقه کوتاه,28.0,27.0,29.0,29.0,1.0,100.0,1,50
لیبرو باملند,شیک نوتلا,کم‌فروش,22.5,13.0,32.0,23.0,0.8,38.0,71,2
لیبرو باملند,تاکینو پستو,⚠ جدید — سابقه کوتاه,21.5,15.0,28.0,28.0,0.77,46.0,26,11
لیبرو باملند,مسکو,منظم,20.2,15.0,26.0,21.0,0.72,53.0,36,2
لیبرو باملند,لیموناد رگولار,کم‌فروش,19.2,10.0,29.0,20.0,0.69,33.0,70,1
لیبرو باملند,سینه مرغ گریل,⚠ جدید — سابقه کوتاه,18.7,19.0,19.0,19.0,0.67,67.0,3,2
لیبرو باملند,اسپرسو دبل,کم‌فروش,17.4,11.0,24.0,18.0,0.62,34.0,71,3
لیبرو باملند,مارگاریتا,کم‌فروش,16.3,12.0,21.0,17.0,0.58,36.0,36,2
لیبرو باملند,تیرامیسو,کم‌فروش,13.8,12.0,16.0,14.0,0.49,39.0,61,0
لیبرو باملند,لاو,کم‌فروش,12.9,9.0,16.0,13.0,0.46,38.0,37,2
لیبرو باملند,آفوگاتو,کم‌فروش,12.1,6.0,19.0,13.0,0.43,24.0,72,2
لیبرو باملند,هات چاکلت,کم‌فروش,12.0,5.0,19.0,12.0,0.43,29.0,70,4
لیبرو باملند,رپ سزار,کم‌فروش,11.8,6.0,18.0,12.0,0.42,32.0,71,3
لیبرو باملند,قهوه ترک,کم‌فروش,11.8,6.0,18.0,12.0,0.42,23.0,64,10
لیبرو باملند,هندوانه یخ,کم‌فروش,11.4,8.0,15.0,12.0,0.41,32.0,37,2
لیبرو باملند,بنفی پای,⚠ جدید — سابقه کوتاه,11.2,11.0,11.0,11.0,0.4,40.0,5,21
لیبرو باملند,تعویض سری نرمال,⚠ جدید — سابقه کوتاه,11.2,9.0,14.0,14.0,0.4,40.0,5,13
لیبرو باملند,فیلی چیز استیک,⚠ جدید — سابقه کوتاه,11.2,7.0,16.0,16.0,0.4,33.0,15,3
لیبرو باملند,پرتقال نعنا,⚠ جدید — سابقه کوتاه,11.2,9.0,14.0,14.0,0.4,33.0,15,16
لیبرو باملند,آیس لاته,کم‌فروش,11.1,6.0,17.0,12.0,0.4,31.0,68,5
لیبرو باملند,منگو پشن فروت اسموتی,کم‌فروش,10.6,5.0,16.0,11.0,0.38,28.0,71,2
لیبرو باملند,رول دارچین,⚠ جدید — سابقه کوتاه,10.5,8.0,13.0,13.0,0.38,38.0,16,58
لیبرو باملند,کال ساندیا فرسکا,کم‌فروش,10.5,7.0,14.0,11.0,0.38,31.0,64,2
لیبرو باملند,تارت توت فرنگی,⚠ جدید — سابقه کوتاه,10.1,9.0,11.0,11.0,0.36,28.0,25,2
لیبرو باملند,چیز کیک نیویورکی کارامل,کم‌فروش,10.1,7.0,13.0,11.0,0.36,31.0,61,0
لیبرو باملند,برانی شکلات,⚠ جدید — سابقه کوتاه,9.9,5.0,14.0,14.0,0.35,18.0,17,57
لیبرو باملند,پاریس برست پسته,کم‌فروش,9.5,8.0,11.0,10.0,0.34,27.0,62,1
لیبرو باملند,کاپوچینو,کم‌فروش,9.5,4.0,15.0,10.0,0.34,20.0,74,0
لیبرو باملند,آب هندوانه,کم‌فروش,9.2,3.0,16.0,10.0,0.33,21.0,61,2
لیبرو باملند,ساندویچ شنیسل مرغ,کم‌فروش,9.0,5.0,13.0,9.0,0.32,26.0,65,9
لیبرو باملند,اسپرسو سینگل,کم‌فروش,8.8,6.0,12.0,9.0,0.31,19.0,64,10
لیبرو باملند,آروماتیک,کم‌فروش,8.7,4.0,14.0,9.0,0.31,21.0,71,3
لیبرو باملند,جینجر موهیتو,کم‌فروش,8.5,6.0,11.0,9.0,0.3,22.0,69,0
لیبرو باملند,تارت بادام,کم‌فروش,8.4,5.0,11.0,9.0,0.3,27.0,67,1
لیبرو باملند,فراپاچینو,کم‌فروش,8.2,4.0,13.0,9.0,0.29,18.0,51,6
لیبرو باملند,موس شکلات مخملی,کم‌فروش,8.2,4.0,12.0,9.0,0.29,24.0,58,2
لیبرو باملند,موس وانیل آلبالو,⚠ جدید — سابقه کوتاه,8.2,7.0,10.0,10.0,0.29,29.0,24,9
لیبرو باملند,آدامس دارچین,⚠ جدید — سابقه کوتاه,7.8,6.0,9.0,9.0,0.28,28.0,25,3
لیبرو باملند,شیک بادام زمینی,کم‌فروش,7.8,5.0,11.0,8.0,0.28,25.0,68,6
لیبرو باملند,لیموناد لوندر,کم‌فروش,7.6,2.0,13.0,8.0,0.27,16.0,70,2
لیبرو باملند,ساندویچ ژامبون,کم‌فروش,7.2,5.0,10.0,8.0,0.26,21.0,70,2
لیبرو باملند,سالاد لیبرتی,⚠ جدید — سابقه کوتاه,7.0,5.0,9.0,9.0,0.25,25.0,12,13
لیبرو باملند,ایتالین سودا,کم‌فروش,6.9,3.0,11.0,7.0,0.25,18.0,61,2
لیبرو باملند,تارت شکلات,کم‌فروش,6.7,5.0,8.0,7.0,0.24,19.0,42,21
لیبرو باملند,چیاباتای بیکن و گودا,کم‌فروش,6.6,3.0,11.0,7.0,0.24,19.0,59,13
لیبرو باملند,هات چاکلت فندق,کم‌فروش,6.5,1.0,12.0,7.0,0.23,19.0,73,1
لیبرو باملند,آب پرتقال,کم‌فروش,6.3,3.0,10.0,7.0,0.23,17.0,71,3
لیبرو باملند,سودا,کم‌فروش,6.1,2.0,11.0,7.0,0.22,14.0,73,1
لیبرو باملند,اپل پارادایس,⚠ راکد — بیش از ۳ هفته بی‌فروش,6.0,3.0,9.0,9.0,0.22,14.0,51,23
لیبرو باملند,آیس امریکانو,کم‌فروش,5.4,1.0,9.0,6.0,0.19,15.0,72,2
لیبرو باملند,دوسیب آلبالو,⚠ جدید — سابقه کوتاه,5.3,3.0,7.0,7.0,0.19,19.0,21,9
لیبرو باملند,شات شیر,⚠ جدید — سابقه کوتاه,5.1,4.0,7.0,7.0,0.18,18.0,11,30
لیبرو باملند,وایت چاکلت,⚠ راکد — بیش از ۳ هفته بی‌فروش,5.0,2.0,8.0,8.0,0.18,16.0,45,29
لیبرو باملند,دو سیب,⚠ جدید — سابقه کوتاه,4.9,2.0,8.0,8.0,0.18,15.0,34,5
لیبرو باملند,رپ فلافل,کم‌فروش,4.7,2.0,7.0,5.0,0.17,15.0,65,9
لیبرو باملند,آووکادو و انجیر,⚠ جدید — سابقه کوتاه,4.5,2.0,7.0,7.0,0.16,13.0,31,17
لیبرو باملند,کروسان باقلوا پسته,کم‌فروش,4.4,2.0,7.0,5.0,0.16,14.0,57,2
لیبرو باملند,لمون گرس جینجر,کم‌فروش,4.1,2.0,6.0,5.0,0.15,15.0,41,1
لیبرو باملند,کارامل ماکیاتو,کم‌فروش,4.0,2.0,6.0,4.0,0.14,13.0,70,4
لیبرو باملند,سبز جسمین,کم‌فروش,3.9,2.0,6.0,4.0,0.14,14.0,36,16
لیبرو باملند,پنه پستو,کم‌فروش,3.9,2.0,6.0,4.0,0.14,12.0,65,9
لیبرو باملند,آیس سینامون دولچه لاته,⚠ جدید — سابقه کوتاه,3.7,2.0,5.0,5.0,0.13,13.0,23,3
لیبرو باملند,سوییت لمون,کم‌فروش,3.4,1.0,5.0,4.0,0.12,11.0,65,9
لیبرو باملند,چای ماسالا,کم‌فروش,3.2,1.0,5.0,4.0,0.12,10.0,69,5
لیبرو باملند,بیسکو اسپرسو,کم‌فروش,3.1,1.0,5.0,4.0,0.11,11.0,54,12
لیبرو باملند,پنه اربیاتا,⚠ جدید — سابقه کوتاه,2.7,0.0,5.0,5.0,0.1,10.0,31,6
لیبرو باملند,اسپرسو ماکیاتو,کم‌فروش,2.4,1.0,4.0,3.0,0.09,9.0,58,16
لیبرو باملند,وافل و میوه های تازه,کم‌فروش,2.4,0.0,5.0,3.0,0.09,6.0,69,5
لیبرو باملند,ماروچینو,کم‌فروش,2.3,0.0,4.0,3.0,0.08,6.0,62,12
لیبرو باملند,سیروپ اضافه,کم‌فروش,2.2,0.0,4.0,3.0,0.08,6.0,64,10
لیبرو باملند,کویین بری,⚠ جدید — سابقه کوتاه,2.2,1.0,4.0,4.0,0.08,8.0,26,43
لیبرو باملند,سس قارچ,⚠ جدید — سابقه کوتاه,1.9,0.0,3.0,3.0,0.07,7.0,30,1
لیبرو باملند,لیوان شیر,⚠ جدید — سابقه کوتاه,1.8,0.0,3.0,3.0,0.06,6.0,31,43
لیبرو باملند,گلدن وانیلا,⚠ جدید — سابقه کوتاه,1.4,0.0,3.0,3.0,0.05,5.0,20,54
لیبرو باملند,بیسکولاته,⚠ جدید — سابقه کوتاه,0.9,0.0,2.0,2.0,0.03,3.0,30,44
چیکن فکتوری ایرانمال,کوکا قوطی,پرحجم پراکنده,98.8,0.0,252.0,99.0,3.53,39.0,72,2
چیکن فکتوری ایرانمال,لیموناد قوطی خوشگوار,⚠ جدید — سابقه کوتاه,77.5,65.0,90.0,90.0,2.77,77.0,13,0
چیکن فکتوری ایرانمال,سوخاری 2تکه,پرحجم پراکنده,37.5,17.0,58.0,38.0,1.34,38.0,74,0
چیکن فکتوری ایرانمال,موهیتو قوطی ماتادور,پرحجم پراکنده,36.2,19.0,54.0,37.0,1.29,38.0,72,2
چیکن فکتوری ایرانمال,ساندویچ مرغ با سس پستو,پرحجم پراکنده,32.2,12.0,52.0,33.0,1.15,38.0,74,0
چیکن فکتوری ایرانمال,آب پرتقال,پرحجم پراکنده,28.4,12.0,45.0,29.0,1.01,37.0,73,1
چیکن فکتوری ایرانمال,دلستر لیوانی,پرحجم پراکنده,28.4,1.0,56.0,29.0,1.01,21.0,72,2
چیکن فکتوری ایرانمال,سوخاری 5تکه,کم‌فروش,27.2,11.0,44.0,28.0,0.97,33.0,73,1
چیکن فکتوری ایرانمال,سالاد فرانسوی,کم‌فروش,26.1,8.0,44.0,27.0,0.93,37.0,73,1
چیکن فکتوری ایرانمال,نان لقمه اضافه,کم‌فروش,24.2,12.0,36.0,25.0,0.86,30.0,74,0
چیکن فکتوری ایرانمال,باربیکن شیشه ای لیمویی,کم‌فروش,23.8,0.0,52.0,24.0,0.85,20.0,74,0
چیکن فکتوری ایرانمال,ساندویچ مرغ با سس تندوری,کم‌فروش,23.0,8.0,38.0,23.0,0.82,36.0,73,1
چیکن فکتوری ایرانمال,هات وینگز با سس سیر و فلفل,کم‌فروش,20.6,7.0,34.0,21.0,0.74,36.0,72,2
چیکن فکتوری ایرانمال,سوخاری 3تکه اسپایسی,کم‌فروش,19.7,7.0,32.0,20.0,0.7,34.0,74,0
چیکن فکتوری ایرانمال,مرغ یونانی با سس تزاتزیک,کم‌فروش,19.1,9.0,30.0,20.0,0.68,38.0,72,2
چیکن فکتوری ایرانمال,باربیکن شیشه ای استوایی,کم‌فروش,18.2,0.0,42.0,19.0,0.65,15.0,74,0
چیکن فکتوری ایرانمال,کمبو فیله استریپس,کم‌فروش,17.8,7.0,29.0,18.0,0.64,30.0,74,0
چیکن فکتوری ایرانمال,اسپرایت قوطی,کم‌فروش,17.4,0.0,39.0,18.0,0.62,16.0,58,16
چیکن فکتوری ایرانمال,گرین سالاد,کم‌فروش,15.9,7.0,25.0,16.0,0.57,29.0,72,2
چیکن فکتوری ایرانمال,هات وینگز با سس انار,کم‌فروش,13.8,6.0,21.0,14.0,0.49,33.0,73,1
چیکن فکتوری ایرانمال,پیتزا سبزیجات,کم‌فروش,13.6,5.0,22.0,14.0,0.49,26.0,72,2
چیکن فکتوری ایرانمال,سوخاری 5تکه اسپایسی,کم‌فروش,10.9,4.0,18.0,11.0,0.39,26.0,72,2
چیکن فکتوری ایرانمال,سوخاری 7تکه,کم‌فروش,10.9,5.0,17.0,11.0,0.39,28.0,72,2
چیکن فکتوری ایرانمال,ساندویچ مرغ و بادمجان با سس مارینارا,کم‌فروش,10.7,4.0,18.0,11.0,0.38,25.0,73,1
چیکن فکتوری ایرانمال,سوخاری 2تکه اسپایسی,کم‌فروش,10.7,4.0,17.0,11.0,0.38,26.0,73,1
چیکن فکتوری ایرانمال,مرغ تندوری با سس سوییت چیلی,کم‌فروش,9.6,3.0,16.0,10.0,0.34,23.0,73,1
چیکن فکتوری ایرانمال,فانتا قوطی,کم‌فروش,8.2,0.0,18.0,9.0,0.29,11.0,72,2
چیکن فکتوری ایرانمال,باربیکن شیشه ای مالت,کم‌فروش,6.8,0.0,17.0,7.0,0.24,8.0,74,0
چیکن فکتوری ایرانمال,سوخاری 9تکه,کم‌فروش,3.9,2.0,6.0,4.0,0.14,12.0,65,9
چیکن فکتوری ایرانمال,آب پرتقال طبیعی,⚠ راکد — بیش از ۳ هفته بی‌فروش,2.9,0.0,7.0,7.0,0.1,10.0,49,25
چیکن فکتوری ایرانمال,سوخاری 7تکه اسپایسی,کم‌فروش,1.9,0.0,4.0,2.0,0.07,7.0,72,2
چیکن فکتوری ایرانمال,سوخاری 9تکه اسپایسی,کم‌فروش,1.4,0.0,3.0,2.0,0.05,5.0,58,16
چیکن فکتوری ایرانمال,سس سزار اضافه,کم‌فروش,0.8,0.0,2.0,1.0,0.03,1.0,73,1
چیکن فکتوری ایرانمال,فیله گریل فرانسوی,⚠ راکد — بیش از ۳ هفته بی‌فروش,0.6,0.0,2.0,2.0,0.02,2.0,49,25
چیکن فکتوری بام لند,لیموناد قوطی خوشگوار,⚠ جدید — سابقه کوتاه,652.8,528.0,777.0,777.0,23.31,100.0,16,0
چیکن فکتوری بام لند,باربیکن شیشه ای لیمویی,پرحجم پراکنده,251.6,0.0,508.0,252.0,8.99,28.0,74,0
چیکن فکتوری بام لند,باربیکن شیشه ای استوایی,پرحجم پراکنده,57.5,0.0,137.0,58.0,2.05,15.0,74,0
چیکن فکتوری بام لند,کمبو فیله استریپس,کم‌فروش,24.2,9.0,40.0,25.0,0.86,36.0,74,0
چیکن فکتوری بام لند,ساندویچ مرغ و بادمجان با سس مارینارا,کم‌فروش,18.5,6.0,31.0,19.0,0.66,38.0,71,3
چیکن فکتوری بام لند,باربیکن شیشه ای مالت,کم‌فروش,12.1,0.0,32.0,13.0,0.43,8.0,74,0
چیکن فکتوری بام لند,cc 250 دوغ,کم‌فروش,9.9,1.0,19.0,10.0,0.35,18.0,65,9
چیکن فکتوری بام لند,سوخاری 9تکه,کم‌فروش,8.7,3.0,15.0,9.0,0.31,23.0,71,3
چیکن فکتوری بام لند,فیله سوخاری سزار,کم‌فروش,6.5,3.0,10.0,7.0,0.23,13.0,60,14
چیکن فکتوری بام لند,آب پرتقال طبیعی,کم‌فروش,6.3,1.0,11.0,7.0,0.23,14.0,71,3
چیکن فکتوری بام لند,سوخاری 7تکه اسپایسی,کم‌فروش,6.2,2.0,11.0,7.0,0.22,19.0,72,2
چیکن فکتوری بام لند,آب پرتقال,⚠ راکد — بیش از ۳ هفته بی‌فروش,4.9,0.0,10.0,10.0,0.18,6.0,51,23
چیکن فکتوری بام لند,فیله گریل فرانسوی,کم‌فروش,3.9,0.0,7.0,4.0,0.14,8.0,72,2
چیکن فکتوری بام لند,سس سزار اضافه,کم‌فروش,2.7,0.0,6.0,3.0,0.1,8.0,62,12
چیکن فکتوری بام لند,سس دیژون,کم‌فروش,2.4,0.0,5.0,3.0,0.08,7.0,71,3
چیکن فکتوری بام لند,سس سزار,کم‌فروش,2.4,1.0,4.0,3.0,0.09,7.0,58,16
چیکن فکتوری بام لند,سس لمون اضافه,کم‌فروش,2.4,0.0,5.0,3.0,0.08,6.0,71,3
چیکن فکتوری بام لند,سوخاری 9تکه اسپایسی,کم‌فروش,2.4,1.0,4.0,3.0,0.09,7.0,58,16
چیکن فکتوری بام لند,سس دیژون اضافه,کم‌فروش,2.0,1.0,3.0,2.0,0.07,7.0,71,3
